Time,No. Steps,Total Reward,Episode Length
0.020232200622558594,450,-7.999999999999988,400
