{"initial_reset_timestamp": 1546257407.0020208, "timestamps": [1546257414.8879387], "episode_lengths": [381], "episode_rewards": [2164.900000000004], "episode_types": ["t"]}