{"initial_reset_timestamp": 1547903243.3661342, "timestamps": [1547903252.500324], "episode_lengths": [270], "episode_rewards": [262.29500000000064], "episode_types": ["t"]}